Year,Total (EUR)
2015,26.625392
2014,23.922191
2013,21.757155
2012,20.965302
2011,18.656691
2010,16.963044
